Symbol,Earnings Date,EPS Estimate,Reported EPS,Surprise(%),Quarter End,Tax Effect Of Unusual Items,Tax Rate For Calcs,Total Unusual Items,Total Unusual Items Excluding Goodwill,Net Income From Continuing Operation Net Minority Interest,Net Interest Income,Interest Expense,Interest Income,Normalized Income,Net Income From Continuing And Discontinued Operation,Diluted Average Shares,Basic Average Shares,Diluted EPS,Basic EPS,Diluted NI Availto Com Stockholders,Net Income Common Stockholders,Net Income,Net Income Including Noncontrolling Interests,Net Income Extraordinary,Net Income Continuous Operations,Tax Provision,Pretax Income,Special Income Charges,Operating Expense,Other Operating Expenses,Total Revenue,Operating Revenue,Market Cap
IDFCFIRSTB,2026-01-17 05:00:00-05:00,0.71,,,2025-12-31,,,,,,,,,,,,,,,,,,,,,,,,,,,,
IDFCFIRSTB,2025-10-18 07:00:00-04:00,0.65,0.35,-46.43,2025-09-30,,,,,,,,,,,,,,,,,,,,,,,,,,,,
IDFCFIRSTB,2025-07-26 05:00:00-04:00,0.54,0.63,16.67,2025-06-30,0.0,0.20604,0.0,0.0,4534700000.0,49331500000.0,47090000000.0,96421500000.0,4534700000.0,4534700000.0,7433934426.0,7314032258.0,0.61,0.62,4534700000.0,4534700000.0,4534700000.0,4534700000.0,0.0,4534700000.0,1176800000.0,5711500000.0,0.0,49297500000.0,31691600000.0,71600200000.0,71600200000.0,531016029278.1627
IDFCFIRSTB,2025-04-26 07:00:00-04:00,0.59,0.41,-29.91,2025-03-31,15607039.962825,0.141496,110300000.0,110300000.0,2956000000.0,49076100000.0,45053300000.0,94129400000.0,2861307039.962825,2956000000.0,,,,,2956000000.0,2956000000.0,2956000000.0,2956000000.0,,2956000000.0,487200000.0,3443200000.0,110300000.0,53653400000.0,11323600000.0,69340900000.0,69340900000.0,
IDFCFIRSTB,2025-01-25 06:00:00-05:00,0.71,0.46,-35.21,2024-12-31,0.0,0.194215,0.0,0.0,3401700000.0,49025000000.0,44404900000.0,93429900000.0,3401700000.0,3401700000.0,7395000000.0,7395000000.0,0.46,0.46,3401700000.0,3401700000.0,3401700000.0,3401700000.0,0.0,3401700000.0,819900000.0,4221600000.0,0.0,49222900000.0,33079200000.0,66823700000.0,66823700000.0,465397000637.0544
IDFCFIRSTB,2024-10-26 07:00:00-04:00,0.93,0.27,-71.07,2024-09-30,0.0,0.135256,0.0,0.0,2119400000.0,47882900000.0,41687300000.0,89570200000.0,2119400000.0,2119400000.0,7569285714.0,7569285714.0,0.28,0.28,2119400000.0,2119400000.0,2119400000.0,2119400000.0,0.0,2119400000.0,331500000.0,2450900000.0,0.0,45385600000.0,29215500000.0,65155900000.0,65155900000.0,560940365197.9426
IDFCFIRSTB,2024-07-27 06:00:00-04:00,1.07,0.95,-11.21,2024-06-30,0.0,0.246259,0.0,0.0,6426400000.0,46954400000.0,40932500000.0,87886900000.0,6426400000.0,6426400000.0,7140444444.0,7061978022.0,0.9,0.91,6426400000.0,6426400000.0,6426400000.0,6426400000.0,0.0,6426400000.0,2099600000.0,8526000000.0,0.0,44224500000.0,28882800000.0,62694500000.0,62694500000.0,578319276594.3479
IDFCFIRSTB,2024-04-27 07:00:00-04:00,1.2,1.01,-16.07,2024-03-31,,,,,,,,,,,,,,,,,,,,,,,,,,,,
IDFCFIRSTB,2024-01-20 06:00:00-05:00,1.13,1.0,-11.76,2023-12-31,,,,,,,,,,,,,,,,,,,,,,,,,,,,
IDFCFIRSTB,2023-10-28 06:00:00-04:00,1.3,1.11,-14.29,2023-09-30,,,,,,,,,,,,,,,,,,,,,,,,,,,,
IDFCFIRSTB,2023-07-29 07:00:00-04:00,1.15,1.14,-0.87,2023-06-30,,,,,,,,,,,,,,,,,,,,,,,,,,,,
IDFCFIRSTB,2023-04-29 07:00:00-04:00,1.05,1.26,20.0,2023-03-31,,,,,,,,,,,,,,,,,,,,,,,,,,,,
IDFCFIRSTB,2023-01-21 05:00:00-05:00,0.85,0.96,12.94,2022-12-31,,,,,,,,,,,,,,,,,,,,,,,,,,,,
IDFCFIRSTB,2022-10-22 06:00:00-04:00,0.84,0.88,4.76,2022-09-30,,,,,,,,,,,,,,,,,,,,,,,,,,,,
IDFCFIRSTB,2022-07-30 06:00:00-04:00,0.7,0.75,7.14,2022-06-30,,,,,,,,,,,,,,,,,,,,,,,,,,,,
IDFCFIRSTB,2022-04-30 06:00:00-04:00,1.19,0.54,-54.62,2022-03-31,,,,,,,,,,,,,,,,,,,,,,,,,,,,
IDFCFIRSTB,2022-01-29 07:00:00-05:00,0.78,0.45,-42.31,2021-12-31,,,,,,,,,,,,,,,,,,,,,,,,,,,,
IDFCFIRSTB,2021-10-30 06:00:00-04:00,0.54,0.24,-55.56,2021-09-30,,,,,,,,,,,,,,,,,,,,,,,,,,,,
IDFCFIRSTB,2021-07-31 07:00:00-04:00,0.65,-1.02,-256.92,2021-06-30,,,,,,,,,,,,,,,,,,,,,,,,,,,,
IDFCFIRSTB,2021-05-08 12:00:00-04:00,0.08,0.22,175.0,2021-03-31,,,,,,,,,,,,,,,,,,,,,,,,,,,,
IDFCFIRSTB,2021-01-30 09:00:00-05:00,0.07,0.23,228.57,2020-12-31,,,,,,,,,,,,,,,,,,,,,,,,,,,,
IDFCFIRSTB,2020-10-31 10:00:00-04:00,-0.03,0.18,700.0,2020-09-30,,,,,,,,,,,,,,,,,,,,,,,,,,,,
IDFCFIRSTB,2020-07-28 11:00:00-04:00,-0.05,0.19,480.0,2020-06-30,,,,,,,,,,,,,,,,,,,,,,,,,,,,
IDFCFIRSTB,2020-05-22 08:00:00-04:00,0.14,0.15,7.14,2020-03-31,,,,,,,,,,,,,,,,,,,,,,,,,,,,
IDFCFIRSTB,2020-01-29 11:00:00-05:00,0.12,-3.43,-2958.33,2019-12-31,,,,,,,,,,,,,,,,,,,,,,,,,,,,
