Symbol,Earnings Date,EPS Estimate,Reported EPS,Surprise(%),Quarter End,Tax Effect Of Unusual Items,Tax Rate For Calcs,Normalized EBITDA,Net Income From Continuing Operation Net Minority Interest,Reconciled Depreciation,Reconciled Cost Of Revenue,EBITDA,EBIT,Net Interest Income,Interest Expense,Interest Income,Normalized Income,Net Income From Continuing And Discontinued Operation,Total Expenses,Diluted Average Shares,Basic Average Shares,Diluted EPS,Basic EPS,Diluted NI Availto Com Stockholders,Net Income Common Stockholders,Otherunder Preferred Stock Dividend,Net Income,Net Income Including Noncontrolling Interests,Net Income Continuous Operations,Tax Provision,Pretax Income,Other Non Operating Income Expenses,Net Non Operating Interest Income Expense,Interest Expense Non Operating,Interest Income Non Operating,Operating Income,Operating Expense,Other Operating Expenses,Depreciation And Amortization In Income Statement,Amortization,Depreciation Income Statement,Gross Profit,Cost Of Revenue,Total Revenue,Operating Revenue,Market Cap
INDUSTOWER,2026-02-02 05:00:00-05:00,6.6,,,2025-12-31,,,,,,,,,,,,,,,,,,,,,,,,,,,,,,,,,,,,,,,,,
INDUSTOWER,2025-10-27 10:00:00-04:00,6.7,6.97,4.06,2025-09-30,,,,,,,,,,,,,,,,,,,,,,,,,,,,,,,,,,,,,,,,,
INDUSTOWER,2025-07-30 12:00:00-04:00,6.75,6.59,-2.36,2025-06-30,0.0,0.255806,45128000000.0,17368000000.0,17043000000.0,30701000000.0,45128000000.0,28085000000.0,-3965000000.0,4747000000.0,782000000.0,17368000000.0,17368000000.0,53718000000.0,2635508346.0,2635508346.0,6.59,6.59,17368000000.0,17368000000.0,0.0,17368000000.0,17368000000.0,17368000000.0,5970000000.0,23338000000.0,445000000.0,-3965000000.0,4747000000.0,782000000.0,26858000000.0,23017000000.0,4580000000.0,17043000000.0,,17043000000.0,49875000000.0,30701000000.0,80576000000.0,80576000000.0,1109812580586.4663
INDUSTOWER,2025-04-30 12:00:00-04:00,6.77,6.75,-0.37,2025-03-31,0.0,0.247101,45937000000.0,17791000000.0,17808000000.0,28304000000.0,45937000000.0,28129000000.0,-4295000000.0,4499000000.0,496000000.0,17791000000.0,17791000000.0,50249000000.0,,,,,17791000000.0,17791000000.0,0.0,17791000000.0,17791000000.0,17791000000.0,5839000000.0,23630000000.0,-2482000000.0,-4295000000.0,4499000000.0,496000000.0,27022000000.0,21945000000.0,-43131000000.0,16930000000.0,51000000.0,16879000000.0,48967000000.0,28304000000.0,77271000000.0,77271000000.0,
INDUSTOWER,2025-01-23 09:00:00-05:00,7.9,15.15,91.66,2024-12-31,0.0,0.232927,72489000000.0,40032000000.0,15685000000.0,28253000000.0,72489000000.0,56804000000.0,-2546000000.0,4616000000.0,2070000000.0,40032000000.0,40032000000.0,21188000000.0,2638892551.0,2637154150.0,15.17,15.18,40032000000.0,40032000000.0,0.0,40032000000.0,40032000000.0,40032000000.0,12156000000.0,52188000000.0,448000000.0,-2546000000.0,4616000000.0,2070000000.0,54286000000.0,-7065000000.0,3612000000.0,15685000000.0,43000000.0,15642000000.0,47221000000.0,28253000000.0,75474000000.0,75474000000.0,901379256278.1768
INDUSTOWER,2024-10-22 09:00:00-04:00,6.32,8.3,31.34,2024-09-30,0.0,0.253884,50216000000.0,22235000000.0,15801000000.0,28925000000.0,50216000000.0,34415000000.0,-4175000000.0,4614000000.0,439000000.0,22235000000.0,22235000000.0,41383000000.0,2678915663.0,2678915663.0,8.3,8.3,22235000000.0,22235000000.0,0.0,22235000000.0,22235000000.0,22235000000.0,7566000000.0,29801000000.0,706000000.0,-4175000000.0,4614000000.0,439000000.0,33270000000.0,12458000000.0,-5416000000.0,15801000000.0,,15801000000.0,45728000000.0,28925000000.0,74653000000.0,74653000000.0,1051608310809.0428
INDUSTOWER,2024-07-30 11:00:00-04:00,6.13,7.15,16.65,2024-06-30,0.0,0.256926,46081000000.0,19259000000.0,15605000000.0,29006000000.0,46081000000.0,30476000000.0,-4082000000.0,4558000000.0,476000000.0,19259000000.0,19259000000.0,43982000000.0,2693566434.0,2693566434.0,7.15,7.15,19259000000.0,19259000000.0,0.0,19259000000.0,19259000000.0,19259000000.0,6659000000.0,25918000000.0,152000000.0,-4082000000.0,4558000000.0,476000000.0,29848000000.0,14976000000.0,11189000000.0,15605000000.0,,15605000000.0,44824000000.0,29006000000.0,73830000000.0,73830000000.0,1010895449799.7504
INDUSTOWER,2024-04-30 11:00:00-04:00,5.51,6.88,24.77,2024-03-31,,,,,,,,,,,,,,,,,,,,,,,,,,,,,,,,,,,,,,,,,
INDUSTOWER,2024-01-23 10:00:00-05:00,5.16,5.72,10.95,2023-12-31,,,,,,,,,,,,,,,,,,,,,,,,,,,,,,,,,,,,,,,,,
INDUSTOWER,2023-10-25 11:00:00-04:00,4.96,4.8,-3.25,2023-09-30,,,,,,,,,,,,,,,,,,,,,,,,,,,,,,,,,,,,,,,,,
INDUSTOWER,2023-07-27 07:00:00-04:00,5.41,5.0,-7.55,2023-06-30,,,,,,,,,,,,,,,,,,,,,,,,,,,,,,,,,,,,,,,,,
INDUSTOWER,2023-04-26 10:00:00-04:00,4.42,5.19,17.36,2023-03-31,,,,,,,,,,,,,,,,,,,,,,,,,,,,,,,,,,,,,,,,,
INDUSTOWER,2023-01-24 09:00:00-05:00,4.17,-1.27,-130.38,2022-12-31,,,,,,,,,,,,,,,,,,,,,,,,,,,,,,,,,,,,,,,,,
INDUSTOWER,2022-10-27 11:00:00-04:00,4.55,3.24,-28.94,2022-09-30,,,,,,,,,,,,,,,,,,,,,,,,,,,,,,,,,,,,,,,,,
INDUSTOWER,2022-08-02 12:00:00-04:00,5.19,1.77,-65.87,2022-06-30,,,,,,,,,,,,,,,,,,,,,,,,,,,,,,,,,,,,,,,,,
INDUSTOWER,2022-05-05 11:00:00-04:00,5.35,6.79,26.86,2022-03-31,,,,,,,,,,,,,,,,,,,,,,,,,,,,,,,,,,,,,,,,,
INDUSTOWER,2022-01-27 08:00:00-05:00,5.99,5.83,-2.72,2021-12-31,,,,,,,,,,,,,,,,,,,,,,,,,,,,,,,,,,,,,,,,,
INDUSTOWER,2021-10-25 08:00:00-04:00,5.68,5.79,1.87,2021-09-30,,,,,,,,,,,,,,,,,,,,,,,,,,,,,,,,,,,,,,,,,
INDUSTOWER,2021-07-29 08:00:00-04:00,4.94,5.25,6.22,2021-06-30,,,,,,,,,,,,,,,,,,,,,,,,,,,,,,,,,,,,,,,,,
INDUSTOWER,2021-04-22 08:00:00-04:00,5.24,5.06,-3.52,2021-03-31,,,,,,,,,,,,,,,,,,,,,,,,,,,,,,,,,,,,,,,,,
INDUSTOWER,2021-01-28 09:00:00-05:00,4.32,5.05,16.9,2020-12-31,,,,,,,,,,,,,,,,,,,,,,,,,,,,,,,,,,,,,,,,,
INDUSTOWER,2020-10-22 06:00:00-04:00,4.11,3.96,-3.66,2020-09-30,,,,,,,,,,,,,,,,,,,,,,,,,,,,,,,,,,,,,,,,,
INDUSTOWER,2020-07-27 08:00:00-04:00,3.91,3.8,-2.69,2020-06-30,,,,,,,,,,,,,,,,,,,,,,,,,,,,,,,,,,,,,,,,,
INDUSTOWER,2020-04-23 08:00:00-04:00,4.16,3.51,-15.56,2020-03-31,,,,,,,,,,,,,,,,,,,,,,,,,,,,,,,,,,,,,,,,,
INDUSTOWER,2020-01-30 09:00:00-05:00,4.02,4.32,7.44,2019-12-31,,,,,,,,,,,,,,,,,,,,,,,,,,,,,,,,,,,,,,,,,
