Symbol,Earnings Date,EPS Estimate,Reported EPS,Surprise(%),Quarter End,Tax Effect Of Unusual Items,Tax Rate For Calcs,Total Unusual Items,Total Unusual Items Excluding Goodwill,Net Income From Continuing Operation Net Minority Interest,Reconciled Depreciation,Net Interest Income,Interest Expense,Interest Income,Normalized Income,Net Income From Continuing And Discontinued Operation,Diluted Average Shares,Basic Average Shares,Diluted EPS,Basic EPS,Diluted NI Availto Com Stockholders,Net Income Common Stockholders,Net Income,Minority Interests,Net Income Including Noncontrolling Interests,Net Income Continuous Operations,Tax Provision,Pretax Income,Special Income Charges,Gain On Sale Of Security,Operating Expense,Other Operating Expenses,Depreciation And Amortization In Income Statement,Depreciation Income Statement,Total Revenue,Operating Revenue,Market Cap
M&MFIN,2026-03-05 08:00:00-05:00,1.54,,,2025-12-31,,,,,,,,,,,,,,,,,,,,,,,,,,,,,,,,
M&MFIN,2025-12-03 06:00:00-05:00,-0.13,0.09,168.18,2025-09-30,,,,,,,,,,,,,,,,,,,,,,,,,,,,,,,,
M&MFIN,2025-09-03 06:00:00-04:00,0.19,0.31,66.17,2025-06-30,0.0,0.248188,0.0,0.0,5278700000.0,858700000.0,21883200000.0,22799800000.0,44683000000.0,5278700000.0,5278700000.0,1300172414.0,1300172414.0,4.06,4.06,5278700000.0,5278700000.0,5278700000.0,-10900000.0,5289600000.0,5289600000.0,1746200000.0,7035800000.0,0.0,112300000.0,10771100000.0,3570700000.0,858700000.0,858700000.0,24556500000.0,24556500000.0,342473698637.6404
M&MFIN,2025-05-28 06:00:00-04:00,0.15,0.16,6.57,2025-03-31,10864679.147456,0.251497,43200000.0,43200000.0,4572200000.0,845200000.0,19990300000.0,23250200000.0,43240500000.0,4539864679.147456,4572200000.0,,,,,4572200000.0,4572200000.0,4572200000.0,10300000.0,4561900000.0,4561900000.0,1532800000.0,6094700000.0,43200000.0,,11023400000.0,881800000.0,845200000.0,432100000.0,23883800000.0,23883800000.0,
M&MFIN,2025-03-06 06:00:00-05:00,1.54,1.8,16.68,2024-12-31,0.0,0.255772,0.0,0.0,9175700000.0,822000000.0,20902200000.0,21749100000.0,42651300000.0,9175700000.0,9175700000.0,1270943242.0,1269232686.0,7.219599,7.229328,9175700000.0,9175700000.0,9175700000.0,-700000.0,9176400000.0,9176400000.0,3153700000.0,12330100000.0,0.0,,10164000000.0,3372100000.0,822000000.0,822000000.0,23294300000.0,23294300000.0,328131664783.51904
M&MFIN,2024-12-11 06:00:00-05:00,0.03,0.04,58.92,2024-09-30,0.0,0.254188,0.0,0.0,3894200000.0,786700000.0,19917400000.0,20624200000.0,40541600000.0,3894200000.0,3894200000.0,1272614379.0,1272614379.0,3.06,3.06,3894200000.0,3894200000.0,3894200000.0,-6100000.0,3900300000.0,3900300000.0,1329300000.0,5229600000.0,0.0,,9474100000.0,3105500000.0,786700000.0,786700000.0,21941100000.0,21941100000.0,420151532255.55664
M&MFIN,2024-08-21 06:00:00-04:00,0.29,0.53,80.0,2024-06-30,0.0,0.248628,0.0,0.0,4976600000.0,758200000.0,19627300000.0,19603300000.0,39230600000.0,4976600000.0,4976600000.0,1272787724.0,1272787724.0,3.91,3.91,4976600000.0,4976600000.0,4976600000.0,6500000.0,4970100000.0,4970100000.0,1644600000.0,6614700000.0,0.0,38800000.0,9566100000.0,2891700000.0,758200000.0,758200000.0,21535600000.0,21535600000.0,365774402658.6835
M&MFIN,2024-05-21 06:00:00-04:00,0.17,0.27,60.23,2024-03-31,,,,,,,,,,,,,,,,,,,,,,,,,,,,,,,,
M&MFIN,2024-02-27 06:00:00-05:00,1.99,2.45,23.28,2023-12-31,,,,,,,,,,,,,,,,,,,,,,,,,,,,,,,,
M&MFIN,2023-11-16 06:00:00-05:00,0.01,0.21,3483.62,2023-09-30,,,,,,,,,,,,,,,,,,,,,,,,,,,,,,,,
M&MFIN,2023-08-22 07:00:00-04:00,0.14,0.26,90.04,2023-06-30,,,,,,,,,,,,,,,,,,,,,,,,,,,,,,,,
M&MFIN,2023-06-01 06:00:00-04:00,0.46,0.56,22.94,2023-03-31,,,,,,,,,,,,,,,,,,,,,,,,,,,,,,,,
M&MFIN,2023-03-02 06:00:00-05:00,1.59,1.88,17.98,2022-12-31,,,,,,,,,,,,,,,,,,,,,,,,,,,,,,,,
M&MFIN,2022-11-17 06:00:00-05:00,0.19,0.52,174.81,2022-09-30,,,,,,,,,,,,,,,,,,,,,,,,,,,,,,,,
M&MFIN,2022-08-23 06:00:00-04:00,0.88,1.0,13.62,2022-06-30,,,,,,,,,,,,,,,,,,,,,,,,,,,,,,,,
M&MFIN,2022-05-26 06:00:00-04:00,0.82,1.08,31.54,2022-03-31,,,,,,,,,,,,,,,,,,,,,,,,,,,,,,,,
M&MFIN,2022-02-22 06:00:00-05:00,1.99,2.45,22.87,2021-12-31,,,,,,,,,,,,,,,,,,,,,,,,,,,,,,,,
M&MFIN,2021-11-18 06:00:00-05:00,0.33,1.23,275.46,2021-09-30,,,,,,,,,,,,,,,,,,,,,,,,,,,,,,,,
M&MFIN,2021-08-19 06:00:00-04:00,0.18,1.29,605.61,2021-06-30,,,,,,,,,,,,,,,,,,,,,,,,,,,,,,,,
M&MFIN,2021-05-18 06:00:00-04:00,-0.39,0.39,200.69,2021-03-31,,,,,,,,,,,,,,,,,,,,,,,,,,,,,,,,
M&MFIN,2021-02-23 06:00:00-05:00,0.11,0.8,612.31,2020-12-31,,,,,,,,,,,,,,,,,,,,,,,,,,,,,,,,
M&MFIN,2020-11-19 06:00:00-05:00,-0.78,-0.19,75.77,2020-09-30,,,,,,,,,,,,,,,,,,,,,,,,,,,,,,,,
M&MFIN,2020-09-01 20:00:00-04:00,-1.74,-0.81,53.36,2020-06-30,,,,,,,,,,,,,,,,,,,,,,,,,,,,,,,,
M&MFIN,2020-06-09 06:00:00-04:00,-2.15,-2.03,5.43,2020-03-31,,,,,,,,,,,,,,,,,,,,,,,,,,,,,,,,
M&MFIN,2020-02-25 06:00:00-05:00,1.96,2.12,8.03,2019-12-31,,,,,,,,,,,,,,,,,,,,,,,,,,,,,,,,
