Symbol,Earnings Date,EPS Estimate,Reported EPS,Surprise(%),Quarter End,Tax Effect Of Unusual Items,Tax Rate For Calcs,Normalized EBITDA,Total Unusual Items,Total Unusual Items Excluding Goodwill,Net Income From Continuing Operation Net Minority Interest,Reconciled Depreciation,Reconciled Cost Of Revenue,EBITDA,EBIT,Net Interest Income,Interest Expense,Interest Income,Normalized Income,Net Income From Continuing And Discontinued Operation,Total Expenses,Diluted Average Shares,Basic Average Shares,Diluted EPS,Basic EPS,Diluted NI Availto Com Stockholders,Net Income Common Stockholders,Otherunder Preferred Stock Dividend,Net Income,Net Income Including Noncontrolling Interests,Net Income Continuous Operations,Tax Provision,Pretax Income,Other Non Operating Income Expenses,Special Income Charges,Restructuring And Mergern Acquisition,Net Non Operating Interest Income Expense,Interest Expense Non Operating,Interest Income Non Operating,Operating Income,Operating Expense,Other Operating Expenses,Depreciation And Amortization In Income Statement,Depreciation Income Statement,Selling General And Administration,General And Administrative Expense,Gross Profit,Cost Of Revenue,Total Revenue,Operating Revenue,Market Cap
MAXHEALTH,2026-01-29 05:00:00-05:00,4.41,,,2025-12-31,,,,,,,,,,,,,,,,,,,,,,,,,,,,,,,,,,,,,,,,,,,,,,
MAXHEALTH,2025-11-14 10:00:00-05:00,4.15,5.02,20.95,2025-09-30,0.0,0.3,6080500000.0,0.0,0.0,4913000000.0,1081000000.0,4648900000.0,6080500000.0,4999500000.0,-290600000.0,539200000.0,248600000.0,4913000000.0,4913000000.0,16684200000.0,978685259.0,972871287.0,5.02,5.05,4913000000.0,4913000000.0,0.0,4913000000.0,4913000000.0,4913000000.0,-452700000.0,4460300000.0,80400000.0,0.0,,-290600000.0,539200000.0,248600000.0,4670500000.0,12035300000.0,3043800000.0,1081000000.0,1081000000.0,4527300000.0,4527300000.0,16705800000.0,4648900000.0,21354700000.0,21354700000.0,1084459576115.4192
MAXHEALTH,2025-08-13 02:00:00-04:00,3.89,3.15,-19.05,2025-06-30,0.0,0.230902,5594200000.0,0.0,0.0,3079700000.0,1041400000.0,4452400000.0,5594200000.0,4552800000.0,-267000000.0,548500000.0,281500000.0,3079700000.0,3079700000.0,16088000000.0,977682540.0,971514196.0,3.15,3.17,3079700000.0,3079700000.0,0.0,3079700000.0,3079700000.0,3079700000.0,924600000.0,4004300000.0,83600000.0,0.0,,-267000000.0,548500000.0,281500000.0,4187700000.0,11635600000.0,2949600000.0,1041400000.0,1041400000.0,4263900000.0,4263900000.0,15823300000.0,4452400000.0,20275700000.0,20275700000.0,1238223305131.961
MAXHEALTH,2025-05-20 05:00:00-04:00,3.95,3.26,-17.46,2025-03-31,-126193913.043478,0.207453,6031000000.0,-608300000.0,-608300000.0,3190000000.0,1008300000.0,4092700000.0,5422700000.0,4414400000.0,-275200000.0,389400000.0,276900000.0,3672106086.956522,3190000000.0,12938800000.0,,,,,3190000000.0,3190000000.0,0.0,3190000000.0,3190000000.0,3190000000.0,835000000.0,4025000000.0,-62100000.0,-608300000.0,369000000.0,-275200000.0,389400000.0,276900000.0,4977600000.0,8846100000.0,-2039600000.0,1008300000.0,503700000.0,7538900000.0,6646700000.0,13823700000.0,4092700000.0,17916400000.0,17916400000.0,
MAXHEALTH,2025-01-30 03:00:00-05:00,3.64,3.02,-16.99,2024-12-31,-167036426.328229,0.226859,5324300000.0,-736300000.0,-736300000.0,2388000000.0,975400000.0,3918200000.0,4588000000.0,3612600000.0,-290800000.0,523900000.0,233100000.0,2957263573.671771,2388000000.0,14667200000.0,978688525.0,970731707.0,2.44,2.46,2388000000.0,2388000000.0,0.0,2388000000.0,2388000000.0,2388000000.0,700700000.0,3088700000.0,99900000.0,-736300000.0,736300000.0,-290800000.0,523900000.0,233100000.0,4015900000.0,10749000000.0,2866200000.0,975400000.0,975400000.0,3861400000.0,3861400000.0,14764900000.0,3918200000.0,18683100000.0,18683100000.0,1093868763338.3998
MAXHEALTH,2024-11-05 10:00:00-05:00,3.63,2.88,-20.55,2024-09-30,0.0,0.245872,4913800000.0,0.0,0.0,2818100000.0,841500000.0,3492400000.0,4913800000.0,4072300000.0,17500000.0,335400000.0,352900000.0,2818100000.0,2818100000.0,13410700000.0,978506944.0,971758621.0,2.88,2.9,2818100000.0,2818100000.0,0.0,2818100000.0,2818100000.0,2818100000.0,918800000.0,3736900000.0,55500000.0,0.0,,17500000.0,335400000.0,352900000.0,3663900000.0,9918300000.0,2693600000.0,841500000.0,841500000.0,3546900000.0,3546900000.0,13582200000.0,3492400000.0,17074600000.0,17074600000.0,956806918897.2992
MAXHEALTH,2024-08-01 04:00:00-04:00,3.5,2.42,-30.86,2024-06-30,,,,,,,,,,,,,,,,,976322314.0,972304527.0,2.42,2.43,,,,,,,,,,,,,,,,,,,,,,,,,,911966040287.0718
MAXHEALTH,2024-05-22 05:00:00-04:00,3.52,2.58,-26.7,2024-03-31,,,,,,,,,,,,,,,,,,,,,,,,,,,,,,,,,,,,,,,,,,,,,,
MAXHEALTH,2024-01-31 02:00:00-05:00,3.4,2.97,-12.57,2023-12-31,,,,,,,,,,,,,,,,,,,,,,,,,,,,,,,,,,,,,,,,,,,,,,
MAXHEALTH,2023-11-06 04:00:00-05:00,3.33,2.84,-14.7,2023-09-30,,,,,,,,,,,,,,,,,,,,,,,,,,,,,,,,,,,,,,,,,,,,,,
MAXHEALTH,2023-08-07 06:00:00-04:00,3.2,2.46,-23.12,2023-06-30,,,,,,,,,,,,,,,,,,,,,,,,,,,,,,,,,,,,,,,,,,,,,,
MAXHEALTH,2023-05-16 04:00:00-04:00,2.76,2.58,-6.55,2023-03-31,,,,,,,,,,,,,,,,,,,,,,,,,,,,,,,,,,,,,,,,,,,,,,
MAXHEALTH,2023-02-02 03:00:00-05:00,2.67,2.29,-14.22,2022-12-31,,,,,,,,,,,,,,,,,,,,,,,,,,,,,,,,,,,,,,,,,,,,,,
MAXHEALTH,2022-11-01 04:00:00-04:00,2.65,4.71,77.74,2022-09-30,,,,,,,,,,,,,,,,,,,,,,,,,,,,,,,,,,,,,,,,,,,,,,
MAXHEALTH,2022-08-10 03:00:00-04:00,2.0,1.78,-11.0,2022-06-30,,,,,,,,,,,,,,,,,,,,,,,,,,,,,,,,,,,,,,,,,,,,,,
MAXHEALTH,2022-05-25 05:00:00-04:00,2.14,1.27,-40.64,2022-03-31,,,,,,,,,,,,,,,,,,,,,,,,,,,,,,,,,,,,,,,,,,,,,,
MAXHEALTH,2022-02-12 03:00:00-05:00,2.17,1.97,-9.24,2021-12-31,,,,,,,,,,,,,,,,,,,,,,,,,,,,,,,,,,,,,,,,,,,,,,
MAXHEALTH,2021-11-12 02:00:00-05:00,1.98,1.56,-21.33,2021-09-30,,,,,,,,,,,,,,,,,,,,,,,,,,,,,,,,,,,,,,,,,,,,,,
MAXHEALTH,2021-08-10 03:00:00-04:00,1.8,1.51,-16.11,2021-06-30,,,,,,,,,,,,,,,,,,,,,,,,,,,,,,,,,,,,,,,,,,,,,,
MAXHEALTH,2021-05-28 06:00:00-04:00,1.37,0.75,-45.24,2021-03-31,,,,,,,,,,,,,,,,,,,,,,,,,,,,,,,,,,,,,,,,,,,,,,
MAXHEALTH,2021-02-06 04:00:00-05:00,1.12,1.0,-10.72,2020-12-31,,,,,,,,,,,,,,,,,,,,,,,,,,,,,,,,,,,,,,,,,,,,,,
